,Open,High,Low,Close,Volume
2025-07-22 15:55:00,222.388,222.4952,222.223,222.4011,0.0
2025-07-22 16:00:00,222.4416,222.4821,222.2427,222.388,0.0
2025-07-22 16:05:00,222.3606,222.4612,222.2361,222.4076,0.0
2025-07-22 16:10:00,222.3868,222.5268,222.2481,222.4327,0.0
2025-07-22 16:15:00,222.3749,222.4732,222.2338,222.3856,0.0
2025-07-22 16:20:00,222.4261,222.4797,222.2939,222.4601,0.0
2025-07-22 16:25:00,222.3856,222.4797,222.3005,222.413,0.0
2025-07-22 16:30:00,222.4601,222.5071,222.2481,222.4207,0.0
2025-07-22 16:35:00,222.4065,222.5149,222.2677,222.4273,0.0
2025-07-22 16:40:00,222.4743,222.4875,222.3016,222.4404,0.0
2025-07-22 16:45:00,222.4678,222.5411,222.2361,222.3945,0.0
2025-07-22 16:50:00,222.4219,222.4755,222.1825,222.4088,0.0
2025-07-22 16:55:00,222.329,222.469,222.2099,222.329,0.0
2025-07-22 17:00:00,222.2974,222.4767,222.1718,222.351,0.0
2025-07-22 17:05:00,222.351,222.351,222.351,222.351,0.0
2025-07-22 17:10:00,222.223,222.3552,222.1706,222.2569,0.0
2025-07-22 17:15:00,222.2843,222.3826,222.151,222.2569,0.0
2025-07-22 17:20:00,222.3761,222.4547,222.1564,222.3147,0.0
2025-07-22 17:25:00,222.3552,222.4142,222.2569,222.3683,0.0
2025-07-22 17:30:00,222.3278,222.4886,222.2165,222.3618,0.0
2025-07-22 17:35:00,222.3761,222.575,222.1968,222.41,0.0
2025-07-22 17:40:00,222.3957,222.4952,222.2581,222.41,0.0
2025-07-22 17:45:00,222.3892,222.4886,222.129,222.26,0.0
2025-07-22 17:50:00,222.3695,222.4547,222.0885,222.2373,0.0
2025-07-22 17:55:00,222.2076,222.4273,222.1224,222.3552,0.0
2025-07-22 18:00:00,222.2034,222.4863,221.9528,222.2153,0.0
2025-07-22 18:05:00,222.2099,222.5083,222.1224,222.3332,0.0
2025-07-22 18:10:00,222.3606,222.4601,222.1671,222.3201,0.0
2025-07-22 18:15:00,222.3814,222.4666,222.1671,222.2993,0.0
2025-07-22 18:20:00,222.3398,222.4327,222.1933,222.26,0.0
2025-07-22 18:25:00,222.3606,222.447,222.154,222.2742,0.0
2025-07-22 18:30:00,222.3213,222.4273,222.1683,222.2611,0.0
2025-07-22 18:35:00,222.3278,222.4458,222.2207,222.2731,0.0
2025-07-22 18:40:00,222.3005,222.4261,222.2141,222.307,0.0
2025-07-22 18:45:00,222.3147,222.4666,222.201,222.3005,0.0
2025-07-22 18:50:00,222.3409,222.4338,222.1814,222.2481,0.0
2025-07-22 18:55:00,222.3356,222.447,222.1945,222.3016,0.0
2025-07-22 19:00:00,222.2808,222.4196,222.1748,222.3516,0.0
2025-07-22 19:05:00,222.3475,222.4875,222.1879,222.3552,0.0
2025-07-22 19:10:00,222.3933,222.4809,222.2492,222.3618,0.0
2025-07-22 19:15:00,222.3409,222.6233,222.1236,222.3599,0.0
2025-07-22 19:20:00,222.3128,222.6649,222.2122,222.4713,0.0
2025-07-22 19:25:00,222.4243,222.7151,222.2832,222.5411,0.0
2025-07-22 19:30:00,222.5202,222.761,222.3802,222.5125,0.0
2025-07-22 19:35:00,222.472,222.6459,222.3451,222.4982,0.0
2025-07-22 19:40:00,222.4838,222.6709,222.3909,222.5637,0.0
2025-07-22 19:45:00,222.5887,222.6906,222.404,222.5178,0.0
2025-07-22 19:50:00,222.5976,222.6972,222.4106,222.5494,0.0
2025-07-22 19:55:00,222.5219,222.7168,222.404,222.5833,0.0
2025-07-22 20:00:00,222.5297,222.7311,222.438,222.6108,0.0
2025-07-22 20:05:00,222.5362,222.7848,222.4445,222.7246,0.0
2025-07-22 20:10:00,222.6697,222.8294,222.4618,222.7078,0.0
2025-07-22 20:15:00,222.6804,222.768,222.4879,222.7287,0.0
2025-07-22 20:20:00,222.7078,222.8438,222.4695,222.6763,0.0
2025-07-22 20:25:00,222.6095,222.7705,222.5101,222.6173,0.0
2025-07-22 20:30:00,222.6709,222.8253,222.4249,222.6996,0.0
2025-07-22 20:35:00,222.7401,222.8855,222.5726,222.718,0.0
2025-07-22 20:40:00,222.7455,222.8974,222.544,222.6996,0.0
2025-07-22 20:45:00,222.6721,222.8384,222.5661,222.7717,0.0
2025-07-22 20:50:00,222.718,222.8724,222.6066,222.7598,0.0
2025-07-22 20:55:00,222.752,222.8593,222.5738,222.7139,0.0
2025-07-22 21:00:00,222.7347,222.854,222.5083,222.6757,0.0
2025-07-22 21:05:00,222.668,222.9339,222.5411,222.7532,0.0
2025-07-22 21:10:00,222.718,222.9314,222.6656,222.8659,0.0
2025-07-22 21:15:00,222.8581,222.972,222.659,222.8331,0.0
2025-07-22 21:20:00,222.8605,223.0478,222.7008,222.8879,0.0
2025-07-22 21:25:00,222.8462,223.0346,222.727,222.8855,0.0
2025-07-22 21:30:00,222.9064,222.9601,222.6733,222.8921,0.0
2025-07-22 21:35:00,222.9064,223.04,222.7389,222.8879,0.0
2025-07-22 21:40:00,222.8462,223.1146,222.7675,222.972,0.0
2025-07-22 21:45:00,222.9314,223.0847,222.7115,222.9433,0.0
2025-07-22 21:50:00,222.9511,223.1175,222.7561,222.8884,0.0
2025-07-22 21:55:00,222.8282,223.2142,222.5976,223.0227,0.0
2025-07-22 22:00:00,223.0829,223.142,222.8748,222.9821,0.0
2025-07-22 22:05:00,223.0138,223.1157,222.842,222.9493,0.0
2025-07-22 22:10:00,223.0161,223.1366,222.8432,223.0621,0.0
2025-07-22 22:15:00,223.0215,223.1157,222.8355,222.981,0.0
2025-07-22 22:20:00,222.9142,223.1563,222.8486,223.0293,0.0
2025-07-22 22:25:00,223.0346,223.1551,222.8486,223.0203,0.0
2025-07-22 22:30:00,223.0949,223.1277,222.82,222.9314,0.0
2025-07-22 22:35:00,222.9601,223.1527,222.7913,222.938,0.0
2025-07-22 22:40:00,223.0507,223.1659,222.8253,222.9773,0.0
2025-07-22 22:45:00,222.8843,223.0179,222.7442,222.9171,0.0
2025-07-22 22:50:00,222.811,223.0519,222.7782,222.9368,0.0
2025-07-22 22:55:00,222.9773,223.0167,222.7967,222.9356,0.0
2025-07-22 23:00:00,222.8819,223.0298,222.6959,222.8962,0.0
2025-07-22 23:05:00,222.9368,223.0519,222.6644,222.938,0.0
2025-07-22 23:10:00,222.9392,223.0662,222.7401,222.972,0.0
2025-07-22 23:15:00,223.0126,223.0597,222.7794,222.981,0.0
2025-07-22 23:20:00,223.0346,223.1223,222.8289,223.0424,0.0
2025-07-22 23:25:00,222.9493,223.1575,222.8432,223.037,0.0
2025-07-22 23:30:00,223.0775,223.1926,222.7842,223.0667,0.0
2025-07-22 23:35:00,223.0459,223.1741,222.8544,223.0798,0.0
2025-07-22 23:40:00,223.0393,223.1532,222.8335,223.0119,0.0
2025-07-22 23:45:00,223.0196,223.1138,222.8204,222.9517,0.0
2025-07-22 23:50:00,223.0327,223.1127,222.7656,223.0447,0.0
2025-07-22 23:55:00,222.9451,223.1849,222.7776,222.9899,0.0
2025-07-23 00:00:00,222.9416,223.1157,222.8027,222.9416,0.0
2025-07-23 00:05:00,223.003,223.2154,222.842,223.1211,0.0
2025-07-23 00:10:00,223.1223,223.2285,222.8957,223.0895,0.0
2025-07-23 00:15:00,223.1497,223.256,222.9702,223.142,0.0
2025-07-23 00:20:00,223.0555,223.21,222.91,223.0489,0.0
2025-07-23 00:25:00,223.1092,223.2613,222.8814,223.1474,0.0
2025-07-23 00:30:00,223.1265,223.2548,222.8879,223.0632,0.0
2025-07-23 00:35:00,223.1497,223.2637,222.9571,223.2034,0.0
2025-07-23 00:40:00,223.0972,223.2571,222.9911,223.2166,0.0
2025-07-23 00:45:00,223.1157,223.3043,223.0042,223.1969,0.0
2025-07-23 00:50:00,223.2243,223.312,223.0316,223.1915,0.0
2025-07-23 00:55:00,223.0941,223.3317,222.9922,223.244,0.0
2025-07-23 01:00:00,223.2123,223.3371,223.037,223.1849,0.0
2025-07-23 01:05:00,223.2714,223.3514,223.0656,223.2309,0.0
2025-07-23 01:10:00,223.278,223.3174,223.0447,223.1891,0.0
2025-07-23 01:15:00,223.1837,223.3699,223.0161,223.2482,0.0
2025-07-23 01:20:00,223.1551,223.3753,223.0686,223.2536,0.0
2025-07-23 01:25:00,223.2416,223.3896,223.1026,223.2374,0.0
2025-07-23 01:30:00,223.2625,223.3437,223.0436,223.2768,0.0
2025-07-23 01:35:00,223.1903,223.3842,223.0841,223.3174,0.0
2025-07-23 01:40:00,223.244,223.5168,223.1521,223.5037,0.0
2025-07-23 01:45:00,223.2452,223.5628,223.0829,223.2733,0.0
2025-07-23 01:50:00,223.4004,223.5747,223.2745,223.4553,0.0
2025-07-23 01:55:00,223.4434,223.5484,223.2208,223.3992,0.0
2025-07-23 02:00:00,223.4135,223.5013,223.1617,223.315,0.0
2025-07-23 02:05:00,223.3885,223.5102,223.1432,223.3777,0.0
2025-07-23 02:10:00,223.2846,223.4642,223.1706,223.358,0.0
2025-07-23 02:15:00,223.278,223.509,223.1223,223.2691,0.0
2025-07-23 02:20:00,223.247,223.4004,223.0871,223.3401,0.0
2025-07-23 02:25:00,223.2011,223.4463,223.1539,223.3467,0.0
2025-07-23 02:30:00,223.2888,223.5353,223.0686,223.3502,0.0
2025-07-23 02:35:00,223.3216,223.5037,223.142,223.2613,0.0
2025-07-23 02:40:00,223.2404,223.4135,222.9863,223.1724,0.0
2025-07-23 02:45:00,223.2093,223.4881,223.006,223.3228,0.0
2025-07-23 02:50:00,223.1891,223.3896,223.0239,223.2637,0.0
2025-07-23 02:55:00,223.1891,223.3174,223.0316,223.2846,0.0
2025-07-23 03:00:00,223.2297,223.3723,222.9397,223.1741,0.0
2025-07-23 03:05:00,223.0482,223.3746,222.9748,223.2595,0.0
2025-07-23 03:10:00,223.2146,223.5423,223.035,223.3297,0.0
2025-07-23 03:15:00,223.2717,223.4843,223.0844,223.3527,0.0
2025-07-23 03:20:00,223.2125,223.4865,223.1063,223.3604,0.0
2025-07-23 03:25:00,223.333,223.5796,223.1073,223.4645,0.0
2025-07-23 03:30:00,223.4108,223.6706,223.2519,223.4722,0.0
2025-07-23 03:35:00,223.4251,223.5665,223.2739,223.4667,0.0
2025-07-23 03:40:00,223.4744,223.6542,223.2673,223.4843,0.0
2025-07-23 03:45:00,223.5128,223.5785,223.2848,223.4634,0.0
2025-07-23 03:50:00,223.436,223.6432,223.3034,223.5686,0.0
2025-07-23 03:55:00,223.5071,223.6157,223.3231,223.4689,0.0
2025-07-23 04:00:00,223.516,223.652,223.2519,223.401,0.0
2025-07-23 04:05:00,223.4393,223.72,223.2804,223.5281,0.0
2025-07-23 04:10:00,223.5073,223.6224,223.3155,223.4821,0.0
2025-07-23 04:15:00,223.4239,223.5752,223.276,223.5281,0.0
2025-07-23 04:20:00,223.481,223.7211,223.3144,223.6125,0.0
2025-07-23 04:25:00,223.4525,223.7803,223.3604,223.72,0.0
2025-07-23 04:30:00,223.7057,223.7924,223.5325,223.6509,0.0
2025-07-23 04:35:00,223.5928,223.8988,223.5128,223.7913,0.0
2025-07-23 04:40:00,223.8384,223.9986,223.6717,223.8845,0.0
2025-07-23 04:45:00,223.8636,224.0601,223.7057,223.9668,0.0
2025-07-23 04:50:00,224.014,224.0535,223.6794,223.9251,0.0
2025-07-23 04:55:00,223.946,224.0338,223.6849,223.7967,0.0
2025-07-23 05:00:00,223.9119,223.9866,223.652,223.8209,0.0
2025-07-23 05:05:00,223.8593,224.0952,223.7408,223.9295,0.0
2025-07-23 05:10:00,223.9613,224.0546,223.7672,223.9142,0.0
2025-07-23 05:15:00,223.9745,224.014,223.7079,223.8944,0.0
2025-07-23 05:20:00,223.935,223.9877,223.6674,223.7419,0.0
2025-07-23 05:25:00,223.8483,224.0392,223.6202,223.8977,0.0
2025-07-23 05:30:00,223.8834,224.0315,223.6783,223.8725,0.0
2025-07-23 05:35:00,223.7463,223.9943,223.6663,223.8352,0.0
2025-07-23 05:40:00,223.867,223.9943,223.7277,223.9416,0.0
2025-07-23 05:45:00,223.8944,223.9943,223.6816,223.8615,0.0
2025-07-23 05:50:00,223.8099,224.0162,223.6432,223.8692,0.0
2025-07-23 05:55:00,223.9098,223.9899,223.7298,223.9427,0.0
2025-07-23 06:00:00,223.9635,224.037,223.7035,223.9427,0.0
2025-07-23 06:05:00,223.8845,224.115,223.7759,223.9153,0.0
2025-07-23 06:10:00,224.0557,224.1622,223.8889,224.0096,0.0
2025-07-23 06:15:00,224.1556,224.2149,223.9493,224.182,0.0
2025-07-23 06:20:00,224.1896,224.25,223.9569,224.1765,0.0
2025-07-23 06:25:00,224.2171,224.3049,223.9909,224.272,0.0
2025-07-23 06:30:00,224.2862,224.3806,224.0534,224.195,0.0
2025-07-23 06:35:00,224.2269,224.374,224.0205,224.239,0.0
2025-07-23 06:40:00,224.161,224.306,224.0392,224.2126,0.0
2025-07-23 06:45:00,224.2532,224.2873,223.9546,224.127,0.0
2025-07-23 06:50:00,224.1061,224.3005,223.9469,224.1797,0.0
2025-07-23 06:55:00,224.2335,224.4389,223.9393,224.2237,0.0
2025-07-23 07:00:00,224.2972,224.3708,224.037,224.3236,0.0
2025-07-23 07:05:00,224.2698,224.4104,224.0491,224.2192,0.0
2025-07-23 07:10:00,224.2709,224.3719,224.0524,224.1457,0.0
2025-07-23 07:15:00,224.1841,224.4049,224.0249,224.2896,0.0
2025-07-23 07:20:00,224.3104,224.3983,224.0315,224.1786,0.0
2025-07-23 07:25:00,224.2171,224.4191,223.9854,224.2005,0.0
2025-07-23 07:30:00,224.1731,224.3796,224.0787,224.2654,0.0
2025-07-23 07:35:00,224.2335,224.373,224.0864,224.3136,0.0
2025-07-23 07:40:00,224.2522,224.4147,224.0149,224.2422,0.0
2025-07-23 07:45:00,224.1422,224.4792,224.0433,224.4056,0.0
2025-07-23 07:50:00,224.3142,224.532,224.1443,224.3584,0.0
2025-07-23 07:55:00,224.465,224.5386,224.298,224.4914,0.0
2025-07-23 08:00:00,224.4264,224.5584,224.2376,224.4574,0.0
2025-07-23 08:05:00,224.3838,224.631,224.2838,224.4772,0.0
2025-07-23 08:10:00,224.5376,224.5838,224.196,224.3563,0.0
2025-07-23 08:15:00,224.441,224.5091,224.1818,224.3883,0.0
2025-07-23 08:20:00,224.33,224.5376,224.1235,224.2858,0.0
2025-07-23 08:25:00,224.3178,224.4772,224.0631,224.263,0.0
2025-07-23 08:30:00,224.3102,224.5355,224.1478,224.2609,0.0
2025-07-23 08:35:00,224.3938,224.5268,224.0864,224.272,0.0
2025-07-23 08:40:00,224.2862,224.4257,224.0711,224.171,0.0
2025-07-23 08:45:00,224.1852,224.4049,224.0645,224.2588,0.0
2025-07-23 08:50:00,224.3521,224.3928,224.0787,224.2917,0.0
2025-07-23 08:55:00,224.1786,224.3851,224.003,224.1358,0.0
2025-07-23 09:00:00,224.0952,224.2764,223.9427,224.0974,0.0
2025-07-23 09:05:00,224.1556,224.3972,223.9767,224.3225,0.0
2025-07-23 09:10:00,224.3016,224.4422,223.9943,224.2566,0.0
2025-07-23 09:15:00,224.2972,224.3576,224.0305,224.1918,0.0
2025-07-23 09:20:00,224.2851,224.3796,224.0194,224.1995,0.0
2025-07-23 09:25:00,224.2445,224.3785,224.0513,224.1852,0.0
2025-07-23 09:30:00,224.2258,224.3983,224.037,224.2423,0.0
2025-07-23 09:35:00,224.2698,224.4609,223.9811,224.3257,0.0
2025-07-23 09:40:00,224.1929,224.4245,224.0238,224.3103,0.0
2025-07-23 09:45:00,224.1775,224.351,223.9646,224.1763,0.0
2025-07-23 09:50:00,224.1972,224.2576,223.9306,224.0513,0.0
2025-07-23 09:55:00,224.0699,224.2785,223.8055,223.9668,0.0
2025-07-23 10:00:00,223.992,224.1951,223.754,223.9098,0.0
2025-07-23 10:05:00,224.0557,224.1765,223.7035,223.9382,0.0
2025-07-23 10:10:00,223.9788,224.06,223.733,223.9722,0.0
2025-07-23 10:15:00,223.9074,224.0721,223.6848,223.8955,0.0
2025-07-23 10:20:00,223.8373,224.0085,223.6542,223.867,0.0
2025-07-23 10:25:00,223.7825,223.9745,223.5873,223.8878,0.0
2025-07-23 10:30:00,223.8407,223.9679,223.6081,223.8955,0.0
2025-07-23 10:35:00,223.7759,223.9679,223.6147,223.901,0.0
2025-07-23 10:40:00,223.788,224.138,223.5358,223.9064,0.0
2025-07-23 10:45:00,223.9667,224.1214,223.6803,223.8942,0.0
2025-07-23 10:50:00,223.8998,224.0468,223.5861,223.7857,0.0
2025-07-23 10:55:00,223.7188,224.1786,223.5455,223.9008,0.0
2025-07-23 11:00:00,223.8162,224.0281,223.62,223.7791,0.0
2025-07-23 11:05:00,223.7802,223.8921,223.5379,223.6453,0.0
2025-07-23 11:10:00,223.6179,223.879,223.4315,223.7264,0.0
2025-07-23 11:15:00,223.6793,223.8613,223.3678,223.5081,0.0
2025-07-23 11:20:00,223.6342,223.7087,223.382,223.6682,0.0
2025-07-23 11:25:00,223.6408,223.769,223.462,223.6945,0.0
2025-07-23 11:30:00,223.6165,223.768,223.4139,223.6464,0.0
2025-07-23 11:35:00,223.6737,223.8845,223.3373,223.5489,0.0
2025-07-23 11:40:00,223.5796,223.7485,223.3955,223.6345,0.0
2025-07-23 11:45:00,223.675,223.8012,223.4152,223.7068,0.0
2025-07-23 11:50:00,223.6794,223.754,223.4612,223.7003,0.0
2025-07-23 11:55:00,223.6224,223.9986,223.2639,223.6813,0.0
2025-07-23 12:00:00,223.6935,224.0915,223.1196,223.5779,0.0
2025-07-23 12:05:00,223.3332,223.7938,223.1346,223.5554,0.0
2025-07-23 12:10:00,223.5696,223.6817,223.1158,223.4217,0.0
2025-07-23 12:15:00,223.449,223.7466,223.0274,223.4959,0.0
2025-07-23 12:20:00,223.3849,223.577,223.0377,223.2852,0.0
2025-07-23 12:25:00,223.3849,223.4913,222.9501,223.1637,0.0
2025-07-23 12:30:00,223.2042,223.3171,222.9709,223.1834,0.0
2025-07-23 12:35:00,223.1561,223.3622,222.8626,223.1728,0.0
2025-07-23 12:40:00,223.2002,223.3556,222.8834,223.143,0.0
2025-07-23 12:45:00,223.144,223.2644,222.9248,223.1778,0.0
2025-07-23 12:50:00,223.1591,223.3237,223.0113,223.1495,0.0
2025-07-23 12:55:00,223.2032,223.349,222.9699,223.1956,0.0
2025-07-23 13:00:00,223.0893,223.2427,222.8373,223.0169,0.0
2025-07-23 13:05:00,223.1045,223.2739,222.5892,222.9888,0.0
2025-07-23 13:10:00,222.9483,223.0753,222.7574,222.9879,0.0
2025-07-23 13:15:00,222.8768,223.1073,222.7621,223.034,0.0
2025-07-23 13:20:00,223.0481,223.1083,222.7038,222.9624,0.0
2025-07-23 13:25:00,222.9897,223.0622,222.8026,222.9163,0.0
2025-07-23 13:30:00,223.0095,223.1751,222.7819,223.0603,0.0
2025-07-23 13:35:00,223.0198,223.1666,222.8468,223.0283,0.0
2025-07-23 13:40:00,223.0688,223.0885,222.8157,222.9502,0.0
2025-07-23 13:45:00,222.9888,223.0894,222.8298,223.0556,0.0
2025-07-23 13:50:00,222.9954,223.1026,222.8496,223.0292,0.0
2025-07-23 13:55:00,223.0763,223.4198,222.6794,223.16,0.0
2025-07-23 14:00:00,223.1873,223.2749,222.8768,223.1083,0.0
2025-07-23 14:05:00,223.1487,223.2165,222.9098,223.0697,0.0
2025-07-23 14:10:00,223.097,223.2372,222.8646,223.1506,0.0
2025-07-23 14:15:00,223.097,223.2654,222.9256,223.1656,0.0
2025-07-23 14:20:00,223.1476,223.2399,222.9735,223.2267,0.0
2025-07-23 14:25:00,223.1796,223.2944,222.9546,223.1946,0.0
2025-07-23 14:30:00,223.2086,223.3019,222.9827,223.1954,0.0
2025-07-23 14:35:00,223.2029,223.2953,222.9893,223.1814,0.0
2025-07-23 14:40:00,223.1229,223.2697,222.9769,223.1963,0.0
2025-07-23 14:45:00,223.2367,223.2499,222.9704,223.0561,0.0
2025-07-23 14:50:00,223.1765,223.2235,222.9374,223.1427,0.0
2025-07-23 14:55:00,223.0842,223.2095,222.9497,223.1427,0.0
2025-07-23 15:00:00,223.1154,223.2499,222.9506,223.2095,0.0
2025-07-23 15:05:00,223.1427,223.3176,222.958,223.2046,0.0
2025-07-23 15:10:00,223.245,223.3118,223.019,223.231,0.0
2025-07-23 15:15:00,223.2037,223.3514,223.0314,223.2648,0.0
2025-07-23 15:20:00,223.2128,223.3052,223.0528,223.2516,0.0
2025-07-23 15:25:00,223.2244,223.3382,223.0586,223.2037,0.0
2025-07-23 15:30:00,223.264,223.3638,223.0314,223.2293,0.0
2025-07-23 15:35:00,223.1773,223.3564,223.0635,223.3027,0.0
2025-07-23 15:40:00,223.2557,223.3366,223.0569,223.2425,0.0
2025-07-23 15:45:00,223.2829,223.3234,223.0635,223.2697,0.0
2025-07-23 15:50:00,223.2293,223.3506,223.0446,223.2301,0.0
2025-07-23 15:55:00,223.1716,223.311,223.0512,223.2367,0.0
2025-07-23 16:00:00,223.2772,223.3514,223.0586,223.1798,0.0
2025-07-23 16:05:00,223.0932,223.3787,222.9992,223.2186,0.0
2025-07-23 16:10:00,223.2656,223.3118,223.033,223.1452,0.0
2025-07-23 16:15:00,223.2854,223.3052,223.0528,223.2582,0.0
2025-07-23 16:20:00,223.2854,223.3184,222.9992,223.2112,0.0
2025-07-23 16:25:00,223.2854,223.292,223.0264,223.2252,0.0
2025-07-23 16:30:00,223.2722,223.3184,223.0198,223.2714,0.0
2025-07-23 16:35:00,223.2442,223.3589,223.0264,223.3325,0.0
2025-07-23 16:40:00,223.245,223.3919,223.0528,223.3448,0.0
2025-07-23 16:45:00,223.3176,223.3985,223.1262,223.2714,0.0
2025-07-23 16:50:00,223.3589,223.5305,223.1584,223.3506,0.0
2025-07-23 16:55:00,223.4051,223.6361,223.2054,223.4901,0.0
2025-07-23 17:00:00,223.5041,223.604,223.179,223.2392,0.0
2025-07-23 17:05:00,223.1633,223.4958,223.1633,223.3951,0.0
2025-07-23 17:10:00,223.4355,223.5024,223.1237,223.3638,0.0
2025-07-23 17:15:00,223.3084,223.5288,223.2821,223.5156,0.0
2025-07-23 17:20:00,223.4685,223.5222,223.1699,223.414,0.0
2025-07-23 17:25:00,223.4958,223.5288,223.1699,223.3885,0.0
2025-07-23 17:30:00,223.4826,223.4892,223.0776,223.2046,0.0
2025-07-23 17:35:00,223.2953,223.363,223.0446,223.2838,0.0
2025-07-23 17:40:00,223.1963,223.4166,222.9695,223.1501,0.0
2025-07-23 17:45:00,223.1031,223.4091,223.0569,223.202,0.0
2025-07-23 17:50:00,223.1848,223.4157,223.0569,223.1493,0.0
2025-07-23 17:55:00,223.3366,223.4619,223.0495,223.2772,0.0
2025-07-23 18:00:00,223.1352,223.4487,223.0486,223.2037,0.0
2025-07-23 18:05:00,223.1295,223.4901,223.0223,223.2574,0.0
2025-07-23 18:10:00,223.2697,223.41,223.0635,223.2244,0.0
2025-07-23 18:15:00,223.1971,223.4364,223.1039,223.2574,0.0
2025-07-23 18:20:00,223.3316,223.4306,223.1114,223.2574,0.0
2025-07-23 18:25:00,223.2978,223.4372,223.132,223.2516,0.0
2025-07-23 18:30:00,223.3118,223.4975,223.132,223.2978,0.0
2025-07-23 18:35:00,223.3721,223.4909,223.1724,223.3448,0.0
2025-07-23 18:40:00,223.3589,223.4645,223.132,223.2648,0.0
2025-07-23 18:45:00,223.2574,223.4505,223.132,223.231,0.0
2025-07-23 18:50:00,223.278,223.4571,223.1386,223.264,0.0
2025-07-23 18:55:00,223.325,223.4637,223.0982,223.3382,0.0
2025-07-23 19:00:00,223.2978,223.4777,223.132,223.2772,0.0
2025-07-23 19:05:00,223.3118,223.5182,223.1188,223.3721,0.0
2025-07-23 19:10:00,223.2722,223.4521,223.1328,223.3126,0.0
2025-07-23 19:15:00,223.3201,223.4587,223.1328,223.2788,0.0
2025-07-23 19:20:00,223.2532,223.5124,223.127,223.2994,0.0
2025-07-23 19:25:00,223.3399,223.4926,223.033,223.245,0.0
2025-07-23 19:30:00,223.2442,223.4455,223.0132,223.2532,0.0
2025-07-23 19:35:00,223.2128,223.4389,223.0734,223.2994,0.0
2025-07-23 19:40:00,223.2722,223.4653,223.0528,223.3052,0.0
2025-07-23 19:45:00,223.278,223.4653,223.033,223.2722,0.0
2025-07-23 19:50:00,223.1773,223.4117,223.0784,223.2252,0.0
2025-07-23 19:55:00,223.1642,223.4645,223.0058,223.2714,0.0
2025-07-23 20:00:00,223.1444,223.4438,223.071,223.2516,0.0
2025-07-23 20:05:00,223.2574,223.4703,223.0965,223.3291,0.0
2025-07-23 20:10:00,223.3761,223.5147,223.1476,223.3999,0.0
2025-07-23 20:15:00,223.319,223.5213,223.1607,223.3538,0.0
2025-07-23 20:20:00,223.414,223.5486,223.108,223.3159,0.0
2025-07-23 20:25:00,223.363,223.4826,223.1757,223.3893,0.0
2025-07-23 20:30:00,223.443,223.5231,223.2161,223.3712,0.0
2025-07-23 20:35:00,223.4298,223.6758,223.1616,223.4206,0.0
2025-07-23 20:40:00,223.5007,223.6146,223.2878,223.4949,0.0
2025-07-23 20:45:00,223.4602,223.5939,223.2737,223.4404,0.0
2025-07-23 20:50:00,223.4281,223.608,223.3076,223.4998,0.0
2025-07-23 20:55:00,223.4677,223.6485,223.1295,223.4232,0.0
2025-07-23 21:00:00,223.4025,223.5495,223.2152,223.5024,0.0
2025-07-23 21:05:00,223.5429,223.8476,223.165,223.6221,0.0
2025-07-23 21:10:00,223.5965,223.7221,223.3877,223.6081,0.0
2025-07-23 21:15:00,223.5875,223.7419,223.3943,223.6337,0.0
2025-07-23 21:20:00,223.4868,223.7617,223.3943,223.5603,0.0
2025-07-23 21:25:00,223.6007,223.6932,223.2994,223.5669,0.0
2025-07-23 21:30:00,223.4265,223.7022,223.3209,223.5883,0.0
2025-07-23 21:35:00,223.556,223.803,223.3217,223.5634,0.0
2025-07-23 21:40:00,223.6369,223.7575,223.3555,223.528,0.0
2025-07-23 21:45:00,223.5751,223.6493,223.3092,223.4165,0.0
2025-07-23 21:50:00,223.5891,223.6155,223.3489,223.5478,0.0
2025-07-23 21:55:00,223.3753,223.6552,223.3555,223.5743,0.0
2025-07-23 22:00:00,223.5354,223.6552,223.3209,223.5611,0.0
2025-07-23 22:05:00,223.4744,223.6205,223.3069,223.5462,0.0
2025-07-23 22:10:00,223.5867,223.6131,223.259,223.566,0.0
2025-07-23 22:15:00,223.486,223.6593,223.3457,223.5933,0.0
2025-07-23 22:20:00,223.5066,223.7691,223.2754,223.5899,0.0
2025-07-23 22:25:00,223.5032,223.6758,223.3356,223.5016,0.0
2025-07-23 22:30:00,223.5486,223.5891,223.2952,223.476,0.0
2025-07-23 22:35:00,223.5016,223.7295,223.329,223.6279,0.0
2025-07-23 22:40:00,223.642,223.708,223.3745,223.5999,0.0
2025-07-23 22:45:00,223.5,223.6602,223.3531,223.5396,0.0
2025-07-23 22:50:00,223.3737,223.6816,223.3077,223.5478,0.0
2025-07-23 22:55:00,223.556,223.6626,223.3621,223.5478,0.0
2025-07-23 23:00:00,223.5156,223.689,223.3959,223.5494,0.0
2025-07-23 23:05:00,223.5817,223.6758,223.3555,223.5883,0.0
2025-07-23 23:10:00,223.5494,223.8318,223.3761,223.7119,0.0
2025-07-23 23:15:00,223.7391,223.873,223.512,223.7458,0.0
2025-07-23 23:20:00,223.7267,223.8663,223.5459,223.6796,0.0
2025-07-23 23:25:00,223.72,223.8597,223.5459,223.7854,0.0
2025-07-23 23:30:00,223.7531,223.8994,223.5855,223.7656,0.0
2025-07-23 23:35:00,223.745,223.9119,223.5848,223.7318,0.0
2025-07-23 23:40:00,223.8391,223.8994,223.5789,223.7325,0.0
2025-07-23 23:45:00,223.7597,223.9002,223.6135,223.8538,0.0
2025-07-23 23:50:00,223.7671,223.934,223.5995,223.7803,0.0
2025-07-23 23:55:00,223.7193,223.9333,223.6127,223.8193,0.0
2025-07-24 00:00:00,223.7458,223.8987,223.5988,223.8244,0.0
2025-07-24 00:05:00,223.7178,223.8707,223.5098,223.7162,0.0
2025-07-24 00:10:00,223.6163,223.8236,223.4561,223.7104,0.0
2025-07-24 00:15:00,223.6435,223.845,223.5377,223.7244,0.0
2025-07-24 00:20:00,223.7781,223.859,223.5517,223.7913,0.0
2025-07-24 00:25:00,223.7524,223.8854,223.5649,223.8053,0.0
2025-07-24 00:30:00,223.7781,223.8928,223.5921,223.8251,0.0
2025-07-24 00:35:00,223.7928,223.8788,223.6054,223.7928,0.0
2025-07-24 00:40:00,223.7781,223.9457,223.612,223.7722,0.0
2025-07-24 00:45:00,223.859,223.9193,223.6252,223.8524,0.0
2025-07-24 00:50:00,223.8384,223.973,223.659,223.8333,0.0
2025-07-24 00:55:00,223.8185,223.9597,223.659,223.8862,0.0
2025-07-24 01:00:00,223.8127,224.0068,223.6995,223.9259,0.0
2025-07-24 01:05:00,223.9208,224.0399,223.7531,224.0201,0.0
2025-07-24 01:10:00,223.9002,224.0465,223.7869,223.7936,0.0
2025-07-24 01:15:00,223.92,224.0465,223.6855,223.9185,0.0
2025-07-24 01:20:00,223.8068,224.101,223.7465,224.034,0.0
2025-07-24 01:25:00,223.9818,224.1017,223.7472,223.9671,0.0
2025-07-24 01:30:00,223.8671,224.0076,223.6605,223.9399,0.0
2025-07-24 01:35:00,223.82,224.0752,223.6943,223.9612,0.0
2025-07-24 01:40:00,224.0017,224.1025,223.748,224.009,0.0
2025-07-24 01:45:00,224.0627,224.1495,223.7818,224.0024,0.0
2025-07-24 01:50:00,223.9678,224.1495,223.8016,224.0892,0.0
2025-07-24 01:55:00,223.9494,224.1885,223.8347,224.0215,0.0
2025-07-24 02:00:00,223.8884,224.2084,223.7877,224.0598,0.0
2025-07-24 02:05:00,223.9016,224.1878,223.7737,223.9943,0.0
2025-07-24 02:10:00,223.9737,224.2077,223.612,223.8987,0.0
2025-07-24 02:15:00,223.8714,224.0053,223.645,223.8641,0.0
2025-07-24 02:20:00,223.8038,224.0516,223.6773,223.8773,0.0
2025-07-24 02:25:00,223.9847,224.0773,223.6369,223.8318,0.0
2025-07-24 02:30:00,223.8897,224.0649,223.7244,223.8963,0.0
2025-07-24 02:35:00,223.8641,224.0244,223.346,223.8648,0.0
2025-07-24 02:40:00,223.7252,223.9788,223.5517,223.6972,0.0
2025-07-24 02:45:00,223.8236,223.9037,223.5436,223.7178,0.0
2025-07-24 02:50:00,223.7567,223.8633,223.4826,223.6369,0.0
2025-07-24 02:55:00,223.5626,223.8699,223.5428,223.7633,0.0
2025-07-24 03:00:00,223.7427,223.9823,223.509,223.8278,0.0
2025-07-24 03:05:00,223.7411,224.0021,223.5619,223.8022,0.0
2025-07-24 03:10:00,223.7147,223.9037,223.5032,223.7641,0.0
2025-07-24 03:15:00,223.7104,223.9251,223.5113,223.7987,0.0
2025-07-24 03:20:00,223.6252,223.9582,223.5444,223.7524,0.0
2025-07-24 03:25:00,223.7516,223.9582,223.5576,223.7905,0.0
2025-07-24 03:30:00,223.745,223.8648,223.4658,223.6723,0.0
2025-07-24 03:35:00,223.5848,223.931,223.3372,223.7104,0.0
2025-07-24 03:40:00,223.537,223.8823,223.3885,223.6478,0.0
2025-07-24 03:45:00,223.6734,223.903,223.3885,223.7096,0.0
2025-07-24 03:50:00,223.7567,223.9096,223.5156,223.7683,0.0
2025-07-24 03:55:00,223.7096,223.9542,223.5611,223.8187,0.0
2025-07-24 04:00:00,223.794,223.9675,223.5346,223.8014,0.0
2025-07-24 04:05:00,223.8286,223.8823,223.4686,223.6816,0.0
2025-07-24 04:10:00,223.7088,223.9368,223.5222,223.7882,0.0
2025-07-24 04:15:00,223.7072,223.9137,223.4934,223.7345,0.0
2025-07-24 04:20:00,223.647,223.8691,223.4752,223.7824,0.0
2025-07-24 04:25:00,223.642,223.9236,223.5626,223.8434,0.0
2025-07-24 04:30:00,223.7229,223.9244,223.6105,223.7442,0.0
2025-07-24 04:35:00,223.7633,223.9633,223.6097,223.8905,0.0
2025-07-24 04:40:00,223.7773,224.0325,223.645,223.8185,0.0
2025-07-24 04:45:00,223.8391,224.073,223.6987,224.0068,0.0
2025-07-24 04:50:00,223.8921,224.1407,223.7928,224.0804,0.0
2025-07-24 04:55:00,223.9803,224.1679,223.7936,224.0208,0.0
2025-07-24 05:00:00,223.9406,224.1804,223.8671,223.9737,0.0
2025-07-24 05:05:00,223.9788,224.1598,223.7854,223.9847,0.0
2025-07-24 05:10:00,223.9574,224.1443,223.7971,224.0426,0.0
2025-07-24 05:15:00,224.0699,224.1104,223.8022,224.0302,0.0
2025-07-24 05:20:00,224.0707,224.0972,223.7442,223.931,0.0
2025-07-24 05:25:00,223.831,224.1244,223.7773,224.05,0.0
2025-07-24 05:30:00,224.0252,224.1178,223.7905,223.9641,0.0
2025-07-24 05:35:00,223.9633,224.198,223.8567,224.1384,0.0
2025-07-24 05:40:00,224.045,224.198,223.9376,224.1178,0.0
2025-07-24 05:45:00,224.1583,224.2591,223.9582,224.1443,0.0
2025-07-24 05:50:00,224.031,224.2178,223.9302,224.0516,0.0
2025-07-24 05:55:00,224.1236,224.2906,223.8823,224.0781,0.0
2025-07-24 06:00:00,224.1104,224.2178,223.9302,223.9839,0.0
2025-07-24 06:05:00,224.1038,224.198,223.8302,223.9111,0.0
2025-07-24 06:10:00,223.9648,224.1501,223.7295,224.0286,0.0
2025-07-24 06:15:00,223.9154,224.103,223.7295,223.8757,0.0
2025-07-24 06:20:00,223.8963,224.0286,223.6618,223.9154,0.0
2025-07-24 06:25:00,223.9344,224.0551,223.7749,223.808,0.0
2025-07-24 06:30:00,223.8749,224.0021,223.7147,223.7948,0.0
2025-07-24 06:35:00,223.8088,223.9212,223.5603,223.7138,0.0
2025-07-24 06:40:00,223.6536,223.8526,223.5388,223.6395,0.0
2025-07-24 06:45:00,223.7262,223.7997,223.4529,223.647,0.0
2025-07-24 06:50:00,223.6197,223.7667,223.4397,223.5801,0.0
2025-07-24 06:55:00,223.5198,223.8064,223.4662,223.6924,0.0
2025-07-24 07:00:00,223.6271,223.7865,223.4273,223.6734,0.0
2025-07-24 07:05:00,223.6345,223.7204,223.3547,223.5016,0.0
2025-07-24 07:10:00,223.4876,223.6684,223.3753,223.5669,0.0
2025-07-24 07:15:00,223.6073,223.7221,223.3943,223.5899,0.0
2025-07-24 07:20:00,223.5494,223.7551,223.4281,223.5751,0.0
2025-07-24 07:25:00,223.6337,223.789,223.4884,223.7295,0.0
2025-07-24 07:30:00,223.7155,223.8022,223.5354,223.7956,0.0
2025-07-24 07:35:00,223.7155,223.8823,223.6221,223.8559,0.0
2025-07-24 07:40:00,223.7493,223.8963,223.5759,223.7419,0.0
2025-07-24 07:45:00,223.8162,223.8493,223.5552,223.7625,0.0
2025-07-24 07:50:00,223.803,224.003,223.5156,223.8104,0.0
2025-07-24 07:55:00,223.684,223.917,223.5708,223.789,0.0
2025-07-24 08:00:00,223.8038,224.0037,223.6369,223.8567,0.0
2025-07-24 08:05:00,223.7979,223.9913,223.6377,223.7971,0.0
2025-07-24 08:10:00,223.7648,223.945,223.598,223.8707,0.0
2025-07-24 08:15:00,223.8053,224.0318,223.7178,223.8913,0.0
2025-07-24 08:20:00,223.9119,224.0796,223.7193,223.9053,0.0
2025-07-24 08:25:00,223.873,224.0252,223.5855,223.8663,0.0
2025-07-24 08:30:00,223.7531,224.0127,223.673,223.759,0.0
2025-07-24 08:35:00,223.7664,224.1376,223.4892,223.7824,0.0
2025-07-24 08:40:00,223.6758,224.0476,223.5486,223.8204,0.0
2025-07-24 08:45:00,223.841,224.1856,223.6659,223.9732,0.0
2025-07-24 08:50:00,223.946,224.2195,223.7659,224.0037,0.0
2025-07-24 08:55:00,223.9914,224.1707,223.6626,223.9747,0.0
2025-07-24 09:00:00,223.8963,224.0557,223.6758,223.9359,0.0
2025-07-24 09:05:00,223.8162,224.05,223.5495,223.8756,0.0
2025-07-24 09:10:00,223.8633,224.1195,223.3069,223.5626,0.0
2025-07-24 09:15:00,223.6147,223.8228,223.296,223.5825,0.0
2025-07-24 09:20:00,223.6412,223.827,223.2928,223.4802,0.0
2025-07-24 09:25:00,223.5454,223.6932,223.1138,223.4009,0.0
2025-07-24 09:30:00,223.3158,223.4818,222.8909,223.1507,0.0
2025-07-24 09:35:00,223.0442,223.3967,222.7962,223.2276,0.0
2025-07-24 09:40:00,223.174,223.3349,222.816,223.0501,0.0
2025-07-24 09:45:00,223.183,223.2564,222.8498,223.0493,0.0
2025-07-24 09:50:00,222.9759,223.3232,222.7185,223.0053,0.0
2025-07-24 09:55:00,222.8659,223.1529,222.6473,223.0061,0.0
2025-07-24 10:00:00,223.0266,223.2058,222.7529,223.0244,0.0
2025-07-24 10:05:00,222.9195,223.274,222.5746,222.915,0.0
2025-07-24 10:10:00,222.9229,223.2225,222.7497,222.9956,0.0
2025-07-24 10:15:00,223.1219,223.2827,222.8105,223.1041,0.0
2025-07-24 10:20:00,223.118,223.2569,222.8502,223.1703,0.0
2025-07-24 10:25:00,223.163,223.4878,222.9084,223.1859,0.0
2025-07-24 10:30:00,223.2924,223.5326,223.0252,223.3188,0.0
2025-07-24 10:35:00,223.2586,223.4195,223.0795,223.252,0.0
2025-07-24 10:40:00,223.2131,223.3732,223.0134,223.1874,0.0
2025-07-24 10:45:00,223.2939,223.3952,223.0346,223.1623,0.0
2025-07-24 10:50:00,223.2211,223.368,222.9685,223.2879,0.0
2025-07-24 10:55:00,223.155,223.6326,222.973,223.39,0.0
2025-07-24 11:00:00,223.3628,223.5016,223.0222,223.1573,0.0
2025-07-24 11:05:00,223.2358,223.31,222.8688,223.0691,0.0
2025-07-24 11:10:00,223.0288,223.2622,222.9554,223.1212,0.0
2025-07-24 11:15:00,223.1161,223.4339,222.8665,223.0314,0.0
2025-07-24 11:20:00,223.0594,223.3316,222.8525,223.0866,0.0
2025-07-24 11:25:00,223.061,223.2688,222.7888,223.0633,0.0
2025-07-24 11:30:00,223.0839,223.1646,222.7581,222.998,0.0
2025-07-24 11:35:00,223.045,223.1375,222.7779,222.9561,0.0
2025-07-24 11:40:00,222.9833,223.3018,222.6422,222.9266,0.0
2025-07-24 11:45:00,223.113,223.1732,222.8071,223.0462,0.0
2025-07-24 11:50:00,222.9926,223.1806,222.6685,222.7881,0.0
2025-07-24 11:55:00,222.835,223.0742,222.6949,222.835,0.0
2025-07-24 12:00:00,222.915,223.1072,222.7279,223.033,0.0
2025-07-24 12:05:00,222.92,223.1262,222.7667,222.9398,0.0
2025-07-24 12:10:00,222.9802,223.0478,222.7081,222.854,0.0
2025-07-24 12:15:00,222.835,223.0066,222.62,222.7799,0.0
2025-07-24 12:20:00,222.8187,222.9522,222.6794,222.8714,0.0
2025-07-24 12:25:00,222.8063,223.0108,222.6374,222.8319,0.0
2025-07-24 12:30:00,222.93,223.0561,222.6769,222.9102,0.0
2025-07-24 12:35:00,222.7972,223.0578,222.6984,222.8129,0.0
2025-07-24 12:40:00,222.9456,223.0322,222.7123,222.9456,0.0
2025-07-24 12:45:00,222.9134,223.0264,222.7271,222.8343,0.0
2025-07-24 12:50:00,222.8665,222.967,222.6876,222.854,0.0
2025-07-24 12:55:00,222.7888,222.901,222.5622,222.8284,0.0
2025-07-24 13:00:00,222.7023,222.9596,222.5673,222.8385,0.0
2025-07-24 13:05:00,222.7535,222.953,222.6266,222.7931,0.0
2025-07-24 13:10:00,222.7857,223.0132,222.6406,222.887,0.0
2025-07-24 13:15:00,222.8467,222.948,222.6619,222.8416,0.0
2025-07-24 13:20:00,222.7749,222.9076,222.6084,222.8079,0.0
2025-07-24 13:25:00,222.6817,222.8482,222.6018,222.7609,0.0
2025-07-24 13:30:00,222.7551,222.8622,222.5234,222.6759,0.0
2025-07-24 13:35:00,222.7081,222.8358,222.5498,222.7294,0.0
2025-07-24 13:40:00,222.7023,222.8028,222.497,222.7228,0.0
2025-07-24 13:45:00,222.5901,222.7632,222.4574,222.6701,0.0
2025-07-24 13:50:00,222.7104,222.8043,222.4384,222.7038,0.0
2025-07-24 13:55:00,222.6173,222.8102,222.4516,222.7698,0.0
2025-07-24 14:00:00,222.6957,222.8762,222.5241,222.8094,0.0
2025-07-24 14:05:00,222.7822,222.8762,222.5234,222.7888,0.0
2025-07-24 14:10:00,222.6561,222.882,222.6092,222.8218,0.0
2025-07-24 14:15:00,222.7947,222.9084,222.5688,222.7939,0.0
2025-07-24 14:20:00,222.8409,222.8878,222.6546,222.7939,0.0
2025-07-24 14:25:00,222.8211,222.8952,222.5556,222.7566,0.0
2025-07-24 14:30:00,222.802,222.8556,222.6363,222.7353,0.0
2025-07-24 14:35:00,222.7756,222.8564,222.5835,222.7038,0.0
2025-07-24 14:40:00,222.7492,222.8358,222.5703,222.7104,0.0
2025-07-24 14:45:00,222.7954,222.849,222.5696,222.7558,0.0
2025-07-24 14:50:00,222.8226,222.8424,222.5894,222.7756,0.0
2025-07-24 14:55:00,222.7287,222.8688,222.5696,222.7947,0.0
2025-07-24 15:00:00,222.6488,222.9158,222.5894,222.7822,0.0
2025-07-24 15:05:00,222.8424,222.8622,222.5894,222.7815,0.0
2025-07-24 15:10:00,222.7411,222.8614,222.5549,222.6934,0.0
2025-07-24 15:15:00,222.648,222.8145,222.5153,222.6685,0.0
2025-07-24 15:20:00,222.5952,222.7888,222.4435,222.6503,0.0
2025-07-24 15:25:00,222.6363,222.7771,222.4442,222.6569,0.0
2025-07-24 15:30:00,222.5916,222.7507,222.5315,222.6305,0.0
2025-07-24 15:35:00,222.6576,222.7904,222.5044,222.7104,0.0
2025-07-24 15:40:00,222.6833,222.7434,222.5571,222.6693,0.0
2025-07-24 15:45:00,222.6965,222.7632,222.5168,222.6561,0.0
2025-07-24 15:50:00,222.5975,222.7228,222.4706,222.6561,0.0
2025-07-24 15:55:00,222.6173,222.7756,222.3555,222.5731,0.0
2025-07-24 16:00:00,222.5064,222.7667,222.4199,222.6052,0.0
2025-07-24 16:05:00,222.6522,222.6654,222.4125,222.5377,0.0
2025-07-24 16:10:00,222.5781,222.672,222.3787,222.5039,0.0
2025-07-24 16:15:00,222.5451,222.5978,222.3458,222.4982,0.0
2025-07-24 16:20:00,222.5583,222.6176,222.3779,222.5039,0.0
2025-07-24 16:25:00,222.4792,222.6176,222.4117,222.5509,0.0
2025-07-24 16:30:00,222.5237,222.6176,222.4183,222.5443,0.0
2025-07-24 16:35:00,222.5451,222.6506,222.2775,222.4817,0.0
2025-07-24 16:40:00,222.457,222.6349,222.3088,222.5681,0.0
2025-07-24 16:45:00,222.569,222.6687,222.3697,222.5484,0.0
2025-07-24 16:50:00,222.5212,222.7139,222.3689,222.6397,0.0
2025-07-24 16:55:00,222.634,222.7008,222.4347,222.5879,0.0
2025-07-24 17:00:00,222.5822,222.7486,222.3425,222.5813,0.0
2025-07-24 17:05:00,222.6555,222.9735,222.4842,222.8878,0.0
2025-07-24 17:10:00,222.8466,223.0245,222.7807,222.9059,0.0
2025-07-24 17:15:00,222.8589,223.0535,222.5286,222.6283,0.0
2025-07-24 17:20:00,222.6687,222.9093,222.4413,222.6283,0.0
2025-07-24 17:25:00,222.7313,222.9291,222.5558,222.6753,0.0
2025-07-24 17:30:00,222.7363,222.8285,222.6028,222.7082,0.0
2025-07-24 17:35:00,222.6893,222.8474,222.4957,222.6102,0.0
2025-07-24 17:40:00,222.7626,222.8417,222.5089,222.5813,0.0
2025-07-24 17:45:00,222.6761,222.8013,222.368,222.522,0.0
2025-07-24 17:50:00,222.5475,222.7082,222.4092,222.5567,0.0
2025-07-24 17:55:00,222.4768,222.6753,222.3895,222.4553,0.0
2025-07-24 18:00:00,222.5962,222.8606,222.3829,222.854,0.0
2025-07-24 18:05:00,222.76,222.8466,222.4264,222.6801,0.0
2025-07-24 18:10:00,222.5664,222.8062,222.5269,222.6727,0.0
2025-07-24 18:15:00,222.7535,222.8062,222.5739,222.6595,0.0
2025-07-24 18:20:00,222.7403,222.8804,222.5344,222.7271,0.0
2025-07-24 18:25:00,222.6818,222.887,222.5953,222.7609,0.0
2025-07-24 18:30:00,222.8079,222.8944,222.5888,222.7543,0.0
2025-07-24 18:35:00,222.8153,222.9753,222.6028,222.7371,0.0
2025-07-24 18:40:00,222.7288,222.9217,222.6094,222.6695,0.0
2025-07-24 18:45:00,222.7824,222.8813,222.6028,222.7684,0.0
2025-07-24 18:50:00,222.7477,222.9085,222.5764,222.756,0.0
2025-07-24 18:55:00,222.7354,222.9489,222.6036,222.7222,0.0
2025-07-24 19:00:00,222.7692,222.8896,222.5707,222.7766,0.0
2025-07-24 19:05:00,222.756,222.93,222.5781,222.7239,0.0
2025-07-24 19:10:00,222.672,222.8912,222.5715,222.7651,0.0
2025-07-24 19:15:00,222.6918,222.9769,222.5649,222.7511,0.0
2025-07-24 19:20:00,222.7692,222.9168,222.5517,222.8047,0.0
2025-07-24 19:25:00,222.7841,222.9374,222.625,222.7907,0.0
2025-07-24 19:30:00,222.7453,222.8838,222.5451,222.7503,0.0
2025-07-24 19:35:00,222.8104,222.9827,222.5377,222.7363,0.0
2025-07-24 19:40:00,222.7766,222.9827,222.6044,222.7321,0.0
2025-07-24 19:45:00,222.7115,222.897,222.5987,222.7841,0.0
2025-07-24 19:50:00,222.7783,222.9308,222.5517,222.7511,0.0
2025-07-24 19:55:00,222.5987,222.9044,222.5649,222.7041,0.0
2025-07-24 20:00:00,222.7915,222.9374,222.6514,222.7972,0.0
2025-07-24 20:05:00,222.8121,223.0718,222.6176,222.8162,0.0
2025-07-24 20:10:00,222.7956,223.0231,222.6431,222.8574,0.0
2025-07-24 20:15:00,222.817,223.0429,222.5575,222.8557,0.0
2025-07-24 20:20:00,222.8434,222.9497,222.6638,222.8434,0.0
2025-07-24 20:25:00,222.7766,222.9234,222.5188,222.6316,0.0
2025-07-24 20:30:00,222.7049,222.7989,222.499,222.6588,0.0
2025-07-24 20:35:00,222.5781,222.7923,222.4125,222.6596,0.0
2025-07-24 20:40:00,222.6472,222.7601,222.3819,222.4684,0.0
2025-07-24 20:45:00,222.4676,222.615,222.2954,222.4552,0.0
2025-07-24 20:50:00,222.3885,222.6216,222.2822,222.4947,0.0
2025-07-24 20:55:00,222.4207,222.6736,222.195,222.4528,0.0
2025-07-24 21:00:00,222.3985,222.653,222.2074,222.4808,0.0
2025-07-24 21:05:00,222.5475,222.6414,222.1826,222.4882,0.0
2025-07-24 21:10:00,222.3811,222.6274,222.0815,222.4528,0.0
2025-07-24 21:15:00,222.3582,222.6118,222.066,222.3557,0.0
2025-07-24 21:20:00,222.4026,222.5361,222.0561,222.3548,0.0
2025-07-24 21:25:00,222.3342,222.5089,222.0092,222.3755,0.0
2025-07-24 21:30:00,222.2684,222.5475,222.0487,222.3614,0.0
2025-07-24 21:35:00,222.3408,222.5484,222.1162,222.4009,0.0
2025-07-24 21:40:00,222.3737,222.6019,222.1425,222.4479,0.0
2025-07-24 21:45:00,222.4273,222.5409,222.1491,222.4215,0.0
2025-07-24 21:50:00,222.3935,222.555,222.1622,222.4347,0.0
2025-07-24 21:55:00,222.4619,222.5813,222.1491,222.4545,0.0
2025-07-24 22:00:00,222.4817,222.5616,222.2684,222.4281,0.0
2025-07-24 22:05:00,222.4751,222.555,222.1425,222.4075,0.0
2025-07-24 22:10:00,222.4347,222.5137,222.1079,222.4001,0.0
2025-07-24 22:15:00,222.4273,222.5071,222.1482,222.3944,0.0
2025-07-24 22:20:00,222.3672,222.4742,222.075,222.2092,0.0
2025-07-24 22:25:00,222.2996,222.4865,222.0947,222.3391,0.0
2025-07-24 22:30:00,222.3992,222.4593,222.1531,222.3531,0.0
2025-07-24 22:35:00,222.279,222.4659,222.0676,222.3654,0.0
2025-07-24 22:40:00,222.2781,222.4519,222.1522,222.3382,0.0
2025-07-24 22:45:00,222.3307,222.5111,222.2246,222.4172,0.0
2025-07-24 22:50:00,222.3965,222.5299,222.2434,222.3373,0.0
2025-07-24 22:55:00,222.3223,222.5515,222.1908,222.465,0.0
2025-07-24 23:00:00,222.4246,222.5721,222.2518,222.3711,0.0
2025-07-24 23:05:00,222.4246,222.5721,222.2724,222.4255,0.0
2025-07-24 23:10:00,222.4725,222.5853,222.279,222.4312,0.0
2025-07-24 23:15:00,222.3795,222.6248,222.2518,222.3711,0.0
2025-07-24 23:20:00,222.4716,222.5383,222.2987,222.3852,0.0
2025-07-24 23:25:00,222.3645,222.5449,222.2584,222.4782,0.0
2025-07-24 23:30:00,222.4378,222.5045,222.1711,222.2856,0.0
2025-07-24 23:35:00,222.3044,222.4913,222.1654,222.3391,0.0
2025-07-24 23:40:00,222.3795,222.4791,222.0741,222.3325,0.0
2025-07-24 23:45:00,222.3729,222.4734,222.2009,222.3408,0.0
2025-07-24 23:50:00,222.3334,222.5071,222.1943,222.368,0.0
2025-07-24 23:55:00,222.3935,222.4808,222.1811,222.4339,0.0
2025-07-25 00:00:00,222.4067,222.494,222.2478,222.4198,0.0
2025-07-25 00:05:00,222.34,222.5813,222.2215,222.4084,0.0
2025-07-25 00:10:00,222.2956,222.5352,222.2355,222.4619,0.0
2025-07-25 00:15:00,222.368,222.5089,222.2289,222.4215,0.0
2025-07-25 00:20:00,222.368,222.5071,222.0882,222.3522,0.0
2025-07-25 00:25:00,222.3992,222.4321,222.1794,222.3588,0.0
2025-07-25 00:30:00,222.2978,222.4321,222.186,222.3448,0.0
2025-07-25 00:35:00,222.2649,222.3852,222.0715,222.2368,0.0
2025-07-25 00:40:00,222.1495,222.3289,221.8342,222.0519,0.0
2025-07-25 00:45:00,222.066,222.1918,221.7516,222.066,0.0
2025-07-25 00:50:00,222.0669,222.1195,221.8333,222.0604,0.0
2025-07-25 00:55:00,222.0397,222.1477,221.8483,222.0275,0.0
2025-07-25 01:00:00,221.9862,222.1674,221.8614,221.9862,0.0
2025-07-25 01:05:00,222.0266,222.2012,221.8276,222.035,0.0
2025-07-25 01:10:00,222.082,222.235,221.9224,222.081,0.0
2025-07-25 01:15:00,222.1214,222.2745,221.928,222.0697,0.0
2025-07-25 01:20:00,222.1148,222.3214,221.989,222.2491,0.0
2025-07-25 01:25:00,222.2012,222.3824,222.0566,222.2631,0.0
2025-07-25 01:30:00,222.2377,222.3505,221.986,222.2434,0.0
2025-07-25 01:35:00,222.1456,222.483,222.004,222.282,0.0
2025-07-25 01:40:00,222.2538,222.4088,221.9373,222.2228,0.0
2025-07-25 01:45:00,222.2171,222.3561,221.9054,222.2162,0.0
2025-07-25 01:50:00,222.2021,222.3223,222.0434,222.2293,0.0
2025-07-25 01:55:00,222.1495,222.3974,221.8865,222.1579,0.0
2025-07-25 02:00:00,222.1307,222.3795,221.894,222.1382,0.0
2025-07-25 02:05:00,222.0452,222.2921,221.8471,222.1408,0.0
2025-07-25 02:10:00,222.0544,222.3531,221.9409,222.2518,0.0
2025-07-25 02:15:00,222.0847,222.4181,221.8988,222.1588,0.0
2025-07-25 02:20:00,222.1136,222.3474,221.8891,222.1614,0.0
2025-07-25 02:25:00,222.0421,222.2873,221.8216,222.1325,0.0
2025-07-25 02:30:00,222.0724,222.232,221.7805,221.9606,0.0
2025-07-25 02:35:00,222.0123,222.3062,221.7822,222.0487,0.0
2025-07-25 02:40:00,222.0215,222.1425,221.7501,221.9755,0.0
2025-07-25 02:45:00,221.9171,222.089,221.7699,221.8834,0.0
2025-07-25 02:50:00,221.8948,222.154,221.7287,221.8751,0.0
2025-07-25 02:55:00,221.8594,222.0601,221.6884,221.9014,0.0
2025-07-25 03:00:00,221.9597,222.1408,221.7748,221.9886,0.0
2025-07-25 03:05:00,222.0289,222.1351,221.6301,221.9294,0.0
2025-07-25 03:10:00,221.797,222.01,221.6178,221.8636,0.0
2025-07-25 03:15:00,221.8027,221.9623,221.3392,221.5528,0.0
2025-07-25 03:20:00,221.5783,221.7723,221.2932,221.4,0.0
2025-07-25 03:25:00,221.4452,221.6572,221.2858,221.4526,0.0
2025-07-25 03:30:00,221.4928,221.6638,221.299,221.4904,0.0
2025-07-25 03:35:00,221.5438,221.6621,221.2045,221.5955,0.0
2025-07-25 03:40:00,221.575,221.8405,221.3573,221.5938,0.0
2025-07-25 03:45:00,221.6538,221.8059,221.4081,221.6604,0.0
2025-07-25 03:50:00,221.4944,221.8396,221.4081,221.6416,0.0
2025-07-25 03:55:00,221.6398,221.8791,221.5207,221.6867,0.0
2025-07-25 04:00:00,221.7515,221.819,221.367,221.607,0.0
2025-07-25 04:05:00,221.593,221.7607,221.2759,221.3359,0.0
2025-07-25 04:10:00,221.5273,221.635,221.1289,221.367,0.0
2025-07-25 04:15:00,221.4073,221.6512,221.1215,221.3652,0.0
2025-07-25 04:20:00,221.4121,221.5968,221.2781,221.4187,0.0
2025-07-25 04:25:00,221.4637,221.5903,221.191,221.3521,0.0
2025-07-25 04:30:00,221.4234,221.6052,221.1994,221.3473,0.0
2025-07-25 04:35:00,221.3941,221.6276,221.1757,221.4616,0.0
2025-07-25 04:40:00,221.3556,221.6481,221.2891,221.4747,0.0
2025-07-25 04:45:00,221.515,221.5816,221.2028,221.4221,0.0
2025-07-25 04:50:00,221.3416,221.6192,221.2742,221.4467,0.0
2025-07-25 04:55:00,221.4449,221.6718,221.353,221.5715,0.0
2025-07-25 05:00:00,221.4318,221.6906,221.325,221.5903,0.0
2025-07-25 05:05:00,221.5321,221.7357,221.3175,221.5022,0.0
2025-07-25 05:10:00,221.5031,221.806,221.355,221.6316,0.0
2025-07-25 05:15:00,221.5866,221.8228,221.4066,221.6568,0.0
2025-07-25 05:20:00,221.6493,221.8294,221.3981,221.6155,0.0
2025-07-25 05:25:00,221.4833,221.6962,221.3259,221.459,0.0
2025-07-25 05:30:00,221.5237,221.6634,221.3512,221.4646,0.0
2025-07-25 05:35:00,221.4965,221.6972,221.2922,221.5246,0.0
2025-07-25 05:40:00,221.4637,221.624,221.3456,221.4525,0.0
2025-07-25 05:45:00,221.4318,221.6503,221.3718,221.5978,0.0
2025-07-25 05:50:00,221.5837,221.7572,221.3925,221.6709,0.0
2025-07-25 05:55:00,221.731,221.7835,221.4722,221.6119,0.0
2025-07-25 06:00:00,221.7047,221.8163,221.4918,221.6503,0.0
2025-07-25 06:05:00,221.6644,221.8415,221.5292,221.7421,0.0
2025-07-25 06:10:00,221.623,221.789,221.504,221.6437,0.0
2025-07-25 06:15:00,221.7083,221.8228,221.5171,221.6447,0.0
2025-07-25 06:20:00,221.6896,221.8022,221.4299,221.7346,0.0
2025-07-25 06:25:00,221.6089,221.8743,221.5217,221.834,0.0
2025-07-25 06:30:00,221.6952,221.9016,221.5302,221.7356,0.0
2025-07-25 06:35:00,221.789,221.8425,221.5105,221.6644,0.0
2025-07-25 06:40:00,221.6634,221.8163,221.4534,221.7028,0.0
2025-07-25 06:45:00,221.6447,221.8885,221.4909,221.7487,0.0
2025-07-25 06:50:00,221.6972,221.9475,221.5489,221.7477,0.0
2025-07-25 06:55:00,221.8012,222.0601,221.5883,221.9082,0.0
2025-07-25 07:00:00,221.7759,221.9955,221.7169,221.9288,0.0
2025-07-25 07:05:00,221.836,222.1363,221.684,221.8651,0.0
2025-07-25 07:10:00,221.9101,222.1222,221.7506,222.0546,0.0
2025-07-25 07:15:00,221.896,222.2591,221.7946,222.1116,0.0
2025-07-25 07:20:00,221.9728,222.1969,221.8112,221.9576,0.0
2025-07-25 07:25:00,221.9369,222.2736,221.8091,222.0418,0.0
2025-07-25 07:30:00,221.9949,222.2539,221.8823,222.0812,0.0
2025-07-25 07:35:00,222.1216,222.3151,221.9162,222.1762,0.0
2025-07-25 07:40:00,222.1182,222.3292,221.9707,222.2287,0.0
2025-07-25 07:45:00,222.1575,222.4561,222.0833,222.2975,0.0
2025-07-25 07:50:00,222.4298,222.4495,222.0646,222.2909,0.0
2025-07-25 07:55:00,222.246,222.398,222.0995,222.2975,0.0
2025-07-25 08:00:00,222.3379,222.4647,222.0667,222.3642,0.0
2025-07-25 08:05:00,222.3061,222.4768,222.0646,222.2535,0.0
2025-07-25 08:10:00,222.2919,222.3925,222.0207,222.2525,0.0
2025-07-25 08:15:00,222.2076,222.3137,221.941,222.1071,0.0
2025-07-25 08:20:00,222.0601,222.247,221.9278,222.1737,0.0
2025-07-25 08:25:00,222.2273,222.3268,221.9879,222.1869,0.0
2025-07-25 08:30:00,222.1202,222.2667,221.8612,222.0384,0.0
2025-07-25 08:35:00,222.1192,222.2712,221.8264,222.1258,0.0
2025-07-25 08:40:00,222.0788,222.2166,221.7981,221.95,0.0
2025-07-25 08:45:00,222.0342,222.1402,221.7808,222.0408,0.0
2025-07-25 08:50:00,222.0484,222.2801,221.7622,222.1195,0.0
2025-07-25 08:55:00,222.0648,222.2069,221.7698,222.0757,0.0
2025-07-25 09:00:00,222.0287,222.1751,221.7895,222.009,0.0
2025-07-25 09:05:00,221.8834,222.1282,221.7032,221.9599,0.0
2025-07-25 09:10:00,221.9741,222.5305,221.5865,222.1751,0.0
2025-07-25 09:15:00,222.1893,222.4452,221.6924,222.0735,0.0
2025-07-25 09:20:00,221.9282,222.4256,221.5745,222.0439,0.0
2025-07-25 09:25:00,221.9793,222.246,221.6876,222.1247,0.0
2025-07-25 09:30:00,221.9793,222.2045,221.8254,222.0439,0.0
2025-07-25 09:35:00,221.997,222.2276,221.7436,222.0397,0.0
2025-07-25 09:40:00,222.0998,222.2276,221.8081,221.8419,0.0
2025-07-25 09:45:00,221.9807,222.2452,221.6062,221.9315,0.0
2025-07-25 09:50:00,221.9457,222.0932,221.6487,221.9938,0.0
2025-07-25 09:55:00,221.8616,222.1555,221.6038,221.8506,0.0
2025-07-25 10:00:00,221.9106,222.057,221.5776,221.844,0.0
2025-07-25 10:05:00,221.8844,222.0874,221.5479,221.9137,0.0
2025-07-25 10:10:00,221.8865,222.0414,221.6099,221.895,0.0
2025-07-25 10:15:00,221.8743,221.9879,221.562,221.8415,0.0
2025-07-25 10:20:00,221.8208,221.942,221.5574,221.8031,0.0
2025-07-25 10:25:00,221.7394,221.9561,221.4778,221.7178,0.0
2025-07-25 10:30:00,221.7779,221.8914,221.5725,221.8313,0.0
2025-07-25 10:35:00,221.8586,221.9636,221.5443,221.7487,0.0
2025-07-25 10:40:00,221.684,221.8763,221.4637,221.728,0.0
2025-07-25 10:45:00,221.6286,221.833,221.3745,221.7149,0.0
2025-07-25 10:50:00,221.7684,221.896,221.5237,221.8022,0.0
2025-07-25 10:55:00,221.7749,221.9288,221.5827,221.7542,0.0
2025-07-25 11:00:00,221.6634,221.8012,221.4037,221.5105,0.0
2025-07-25 11:05:00,221.5489,221.7083,221.323,221.5731,0.0
2025-07-25 11:10:00,221.4955,221.7118,221.3004,221.5666,0.0
2025-07-25 11:15:00,221.5873,221.668,221.3099,221.5545,0.0
2025-07-25 11:20:00,221.5272,221.6876,221.3024,221.5555,0.0
2025-07-25 11:25:00,221.4168,221.6079,221.2424,221.4486,0.0
2025-07-25 11:30:00,221.4692,221.5424,221.264,221.4233,0.0
2025-07-25 11:35:00,221.383,221.5555,221.2565,221.3306,0.0
2025-07-25 11:40:00,221.4496,221.6266,221.2086,221.4728,0.0
2025-07-25 11:45:00,221.4455,221.5383,221.2666,221.4586,0.0
2025-07-25 11:50:00,221.4445,221.6125,221.3135,221.5318,0.0
2025-07-25 11:55:00,221.5459,221.6321,221.38,221.559,0.0
2025-07-25 12:00:00,221.5797,221.5994,221.321,221.5186,0.0
2025-07-25 12:05:00,221.3931,221.6311,221.3266,221.5504,0.0
2025-07-25 12:10:00,221.5035,221.6038,221.3331,221.5438,0.0
2025-07-25 12:15:00,221.4969,221.7043,221.2132,221.6114,0.0
2025-07-25 12:20:00,221.558,221.677,221.4117,221.5514,0.0
2025-07-25 12:25:00,221.5983,221.6311,221.379,221.5918,0.0
2025-07-25 12:30:00,221.5449,221.6659,221.4007,221.5797,0.0
2025-07-25 12:35:00,221.6004,221.6463,221.4345,221.5459,0.0
2025-07-25 12:40:00,221.5862,221.6397,221.381,221.5066,0.0
2025-07-25 12:45:00,221.5338,221.6342,221.3417,221.501,0.0
2025-07-25 12:50:00,221.5414,221.6221,221.3699,221.5358,0.0
2025-07-25 12:55:00,221.4037,221.6024,221.3905,221.5282,0.0
2025-07-25 13:00:00,221.5555,221.6699,221.4037,221.563,0.0
2025-07-25 13:05:00,221.5424,221.623,221.4178,221.5968,0.0
2025-07-25 13:10:00,221.4646,221.6437,221.4384,221.563,0.0
2025-07-25 13:15:00,221.5837,221.6099,221.3981,221.5565,0.0
2025-07-25 13:20:00,221.5096,221.6503,221.4178,221.5827,0.0
2025-07-25 13:25:00,221.6034,221.6503,221.3587,221.5781,0.0
2025-07-25 13:30:00,221.4394,221.6119,221.4131,221.5584,0.0
2025-07-25 13:35:00,221.4937,221.6259,221.3466,221.5462,0.0
2025-07-25 13:40:00,221.5603,221.6138,221.3494,221.4094,0.0
2025-07-25 13:45:00,221.4741,221.5397,221.3147,221.4666,0.0
2025-07-25 13:50:00,221.4525,221.5528,221.3344,221.4656,0.0
2025-07-25 13:55:00,221.5059,221.5528,221.341,221.4394,0.0
2025-07-25 14:00:00,221.4666,221.5594,221.341,221.4994,0.0
2025-07-25 14:05:00,221.4525,221.5397,221.3213,221.4928,0.0
2025-07-25 14:10:00,221.5331,221.5669,221.3016,221.4684,0.0
2025-07-25 14:15:00,221.4544,221.5481,221.3157,221.5144,0.0
2025-07-25 14:20:00,221.3822,221.5678,221.3494,221.5003,0.0
2025-07-25 14:25:00,221.5012,221.5406,221.3353,221.46,0.0
2025-07-25 14:30:00,221.5003,221.5341,221.2688,221.4544,0.0
2025-07-25 14:35:00,221.4816,221.5341,221.2163,221.4262,0.0
2025-07-25 14:40:00,221.4666,221.5603,221.2491,221.4806,0.0
2025-07-25 14:45:00,221.5078,221.5275,221.2763,221.5144,0.0
2025-07-25 14:50:00,221.4675,221.5613,221.2763,221.4497,0.0
2025-07-25 14:55:00,221.4356,221.5359,221.2444,221.3962,0.0
2025-07-25 15:00:00,221.3315,221.4825,221.2575,221.4159,0.0
2025-07-25 15:05:00,221.4365,221.4759,221.2838,221.4019,0.0
2025-07-25 15:10:00,221.3503,221.5144,221.2566,221.4403,0.0
2025-07-25 15:15:00,221.4675,221.5341,221.3025,221.3691,0.0
2025-07-25 15:20:00,221.4487,221.5481,221.3494,221.4619,0.0
2025-07-25 15:25:00,221.5022,221.5425,221.3503,221.4628,0.0
2025-07-25 15:30:00,221.5031,221.5368,221.2584,221.4028,0.0
2025-07-25 15:35:00,221.43,221.5162,221.324,221.4759,0.0
2025-07-25 15:40:00,221.4356,221.4759,221.3175,221.4628,0.0
2025-07-25 15:45:00,221.4356,221.5022,221.3034,221.4684,0.0
2025-07-25 15:50:00,221.415,221.475,221.2369,221.4084,0.0
2025-07-25 15:55:00,221.3616,221.4947,221.236,221.3888,0.0
2025-07-25 16:00:00,221.3485,221.4891,221.2566,221.4628,0.0
2025-07-25 16:05:00,221.4553,221.6456,221.2622,221.5659,0.0
2025-07-25 16:10:00,221.4469,221.5856,221.3475,221.5725,0.0
2025-07-25 16:15:00,221.5256,221.6981,221.4272,221.5584,0.0
2025-07-25 16:20:00,221.5987,221.6522,221.4,221.5453,0.0
2025-07-25 16:25:00,221.6259,221.6916,221.3934,221.5518,0.0
2025-07-25 16:30:00,221.6128,221.79,221.4731,221.6644,0.0
2025-07-25 16:35:00,221.6916,221.8117,221.5059,221.6653,0.0
2025-07-25 16:40:00,221.6935,221.7394,221.415,221.5153,0.0
2025-07-25 16:45:00,221.415,221.7001,221.4019,221.535,0.0
2025-07-25 16:50:00,221.595,221.7394,221.3822,221.4937,0.0
2025-07-25 16:55:00,221.5678,221.7329,221.4281,221.5481,0.0
2025-07-25 17:00:00,221.6541,221.7666,221.4628,221.6541,0.0
2025-07-25 17:05:00,221.6541,221.6541,221.6541,221.6541,0.0
2025-07-25 17:10:00,221.6541,221.6541,221.6541,221.6541,0.0
2025-07-25 17:15:00,221.6541,221.6541,221.6541,221.6541,0.0
2025-07-25 17:20:00,221.6541,221.6541,221.6541,221.6541,0.0
2025-07-25 17:25:00,221.6541,221.6541,221.6541,221.6541,0.0
2025-07-25 17:30:00,221.6541,221.6541,221.6541,221.6541,0.0
2025-07-25 17:35:00,221.6541,221.6541,221.6541,221.6541,0.0
2025-07-25 17:40:00,221.6541,221.6541,221.6541,221.6541,0.0
2025-07-25 17:45:00,221.6541,221.6541,221.6541,221.6541,0.0
2025-07-25 17:50:00,221.6541,221.6541,221.6541,221.6541,0.0
2025-07-25 17:55:00,221.6541,221.6541,221.6541,221.6541,0.0
2025-07-27 18:05:00,221.1782,221.4797,220.9336,221.2077,0.0
2025-07-27 18:10:00,221.2685,221.5454,221.0403,221.2916,0.0
2025-07-27 18:15:00,221.2833,221.5224,221.2111,221.303,0.0
2025-07-27 18:20:00,221.3893,221.5158,221.152,221.3836,0.0
2025-07-27 18:25:00,221.3433,221.469,221.0854,221.2448,0.0
2025-07-27 18:30:00,221.2176,221.4961,221.0723,221.2899,0.0
2025-07-27 18:35:00,221.2448,221.5158,221.1446,221.3581,0.0
2025-07-27 18:40:00,221.285,221.4501,221.225,221.3376,0.0
2025-07-27 18:45:00,221.271,221.5569,221.2316,221.3113,0.0
2025-07-27 18:50:00,221.3039,221.469,221.2439,221.3433,0.0
2025-07-27 18:55:00,221.2833,221.5027,221.2374,221.3047,0.0
2025-07-27 19:00:00,221.3039,221.5035,221.2316,221.3778,0.0
2025-07-27 19:05:00,221.2842,221.5438,221.2316,221.4181,0.0
2025-07-27 19:10:00,221.3105,221.4838,221.2316,221.4033,0.0
2025-07-27 19:15:00,221.3712,221.483,221.2374,221.4238,0.0
2025-07-27 19:20:00,221.3836,221.5101,221.2448,221.3778,0.0
2025-07-27 19:25:00,221.3704,221.5307,221.2653,221.3984,0.0
2025-07-27 19:30:00,221.3318,221.4649,221.1856,221.299,0.0
2025-07-27 19:35:00,221.2587,221.4575,221.1454,221.2916,0.0
2025-07-27 19:40:00,221.2045,221.4247,221.1322,221.3392,0.0
2025-07-27 19:45:00,221.2924,221.4575,221.1988,221.3121,0.0
2025-07-27 19:50:00,221.3376,221.4772,221.1314,221.3179,0.0
2025-07-27 19:55:00,221.2973,221.4164,221.1511,221.3113,0.0
2025-07-27 20:00:00,221.2833,221.4296,221.124,221.3302,0.0
2025-07-27 20:05:00,221.3573,221.612,221.0337,221.3145,0.0
2025-07-27 20:10:00,221.294,221.4863,221.0944,221.2858,0.0
2025-07-27 20:15:00,221.2316,221.492,221.0731,221.3269,0.0
2025-07-27 20:20:00,221.3063,221.4747,221.1091,221.3613,0.0
2025-07-27 20:25:00,221.3424,221.482,221.1896,221.395,0.0
2025-07-27 20:30:00,221.3014,221.4813,221.202,221.3876,0.0
2025-07-27 20:35:00,221.395,221.5397,221.1683,221.4329,0.0
2025-07-27 20:40:00,221.3326,221.6194,221.2603,221.5462,0.0
2025-07-27 20:45:00,221.432,221.6465,221.3137,221.5199,0.0
2025-07-27 20:50:00,221.4731,221.6523,221.3129,221.5462,0.0
2025-07-27 20:55:00,221.446,221.6326,221.3269,221.5265,0.0
2025-07-27 21:00:00,221.4994,221.6941,221.2217,221.4755,0.0
2025-07-27 21:05:00,221.5157,221.6701,221.2847,221.5114,0.0
2025-07-27 21:10:00,221.504,221.6972,221.3307,221.5296,0.0
2025-07-27 21:15:00,221.5238,221.5962,221.2905,221.4623,0.0
2025-07-27 21:20:00,221.3752,221.5618,221.2093,221.3745,0.0
2025-07-27 21:25:00,221.395,221.4871,221.1544,221.3605,0.0
2025-07-27 21:30:00,221.294,221.4665,221.1741,221.3868,0.0
2025-07-27 21:35:00,221.3261,221.566,221.1601,221.3852,0.0
2025-07-27 21:40:00,221.3712,221.5101,221.2448,221.4304,0.0
2025-07-27 21:45:00,221.3499,221.5561,221.2636,221.409,0.0
2025-07-27 21:50:00,221.3819,221.5224,221.1963,221.395,0.0
2025-07-27 21:55:00,221.3079,221.5141,221.1289,221.3227,0.0
2025-07-27 22:00:00,221.2685,221.4353,221.1429,221.3416,0.0
2025-07-27 22:05:00,221.3145,221.5018,221.1289,221.4279,0.0
2025-07-27 22:10:00,221.321,221.5873,221.1748,221.5141,0.0
2025-07-27 22:15:00,221.4533,221.5873,221.2882,221.4681,0.0
2025-07-27 22:20:00,221.4738,221.621,221.2751,221.4738,0.0
2025-07-27 22:25:00,221.4138,221.6481,221.2619,221.5693,0.0
2025-07-27 22:30:00,221.5084,221.6498,221.3105,221.5355,0.0
2025-07-27 22:35:00,221.5635,221.6835,221.3441,221.6104,0.0
2025-07-27 22:40:00,221.4518,221.6507,221.3712,221.5701,0.0
2025-07-27 22:45:00,221.5035,221.6227,221.3507,221.543,0.0
2025-07-27 22:50:00,221.4698,221.6104,221.3113,221.423,0.0
2025-07-27 22:55:00,221.4304,221.6046,221.3121,221.5315,0.0
2025-07-27 23:00:00,221.5044,221.6244,221.2587,221.4904,0.0
2025-07-27 23:05:00,221.4173,221.6104,221.2176,221.5175,0.0
2025-07-27 23:10:00,221.3704,221.5767,221.2242,221.4098,0.0
2025-07-27 23:15:00,221.3819,221.5158,221.2365,221.4633,0.0
2025-07-27 23:20:00,221.4361,221.5504,221.2645,221.4427,0.0
2025-07-27 23:25:00,221.4501,221.5158,221.1897,221.4024,0.0
2025-07-27 23:30:00,221.2956,221.4821,221.17,221.4016,0.0
2025-07-27 23:35:00,221.2882,221.4344,221.1018,221.3145,0.0
2025-07-27 23:40:00,221.2956,221.4287,221.1101,221.349,0.0
2025-07-27 23:45:00,221.2751,221.4024,221.0632,221.2619,0.0
2025-07-27 23:50:00,221.1814,221.3819,221.0961,221.3482,0.0
2025-07-27 23:55:00,221.2554,221.4007,221.1018,221.321,0.0
2025-07-28 00:00:00,221.2668,221.3744,221.0624,221.2751,0.0
2025-07-28 00:05:00,221.2085,221.395,221.0361,221.2948,0.0
2025-07-28 00:10:00,221.2339,221.3744,220.995,221.2676,0.0
2025-07-28 00:15:00,221.2068,221.3744,221.0821,221.2611,0.0
2025-07-28 00:20:00,221.3079,221.321,221.0961,221.2676,0.0
2025-07-28 00:25:00,221.1814,221.3267,221.0484,221.2256,0.0
2025-07-28 00:30:00,221.2996,221.353,221.0607,221.2865,0.0
2025-07-28 00:35:00,221.3136,221.3858,221.0738,221.279,0.0
2025-07-28 00:40:00,221.2781,221.3784,221.0523,221.2715,0.0
2025-07-28 00:45:00,221.251,221.3503,221.0851,221.324,0.0
2025-07-28 00:50:00,221.2304,221.4515,221.1057,221.3587,0.0
2025-07-28 00:55:00,221.279,221.4252,221.1731,221.3793,0.0
2025-07-28 01:00:00,221.3784,221.4655,221.2068,221.3587,0.0
2025-07-28 01:05:00,221.4121,221.4786,221.2199,221.4121,0.0
2025-07-28 01:10:00,221.3915,221.4983,221.1525,221.3315,0.0
2025-07-28 01:15:00,221.3306,221.5425,221.219,221.3962,0.0
2025-07-28 01:20:00,221.4365,221.5678,221.2426,221.4806,0.0
2025-07-28 01:25:00,221.46,221.5003,221.1948,221.4131,0.0
2025-07-28 01:30:00,221.3335,221.5538,221.2416,221.4544,0.0
2025-07-28 01:35:00,221.5012,221.5809,221.2688,221.4684,0.0
2025-07-28 01:40:00,221.4413,221.5744,221.3091,221.4553,0.0
2025-07-28 01:45:00,221.4544,221.5744,221.2557,221.4347,0.0
2025-07-28 01:50:00,221.3962,221.5219,221.2229,221.4487,0.0
2025-07-28 01:55:00,221.3625,221.5228,221.177,221.4291,0.0
2025-07-28 02:00:00,221.3025,221.535,221.2032,221.4553,0.0
2025-07-28 02:05:00,221.3822,221.5875,221.1957,221.4122,0.0
2025-07-28 02:10:00,221.3915,221.5266,221.2079,221.3344,0.0
